region_code,province_code,province,district,date_pull,mbg_satpen,mbg_satpen_negeri,mbg_satpen_swasta,mbg_beneficiaries,mbg_laki,mbg_perempuan,mbg_alergi,mbg_fobia,mbg_intoleransi,mbg_kondisi_khusus
060600,060000,Aceh,Kab. Aceh Barat,2026-05-15 14:51:56,23,17,6,6632,2950,3682,5,1,0,6
061700,060000,Aceh,Kab. Aceh Barat Daya,2026-05-15 14:51:57,4,3,1,228,116,112,81,0,31,112
060100,060000,Aceh,Kab. Aceh Besar,2026-05-15 14:51:57,3,3,0,818,460,358,10,0,0,10
061600,060000,Aceh,Kab. Aceh Jaya,2026-05-15 14:51:57,3,3,0,0,0,0,1,0,0,1
060700,060000,Aceh,Kab. Aceh Selatan,2026-05-15 14:51:57,33,26,7,2960,1454,1506,29,2,20,51
061300,060000,Aceh,Kab. Aceh Singkil,2026-05-15 14:51:57,3,3,0,594,298,296,99,0,0,99
061400,060000,Aceh,Kab. Aceh Tamiang,2026-05-15 14:51:57,21,18,3,4968,2006,2962,142,1,0,143
060500,060000,Aceh,Kab. Aceh Tengah,2026-05-15 14:51:57,32,26,6,744,410,334,33,2,1,36
060800,060000,Aceh,Kab. Aceh Tenggara,2026-05-15 14:51:57,47,31,16,894,476,418,10,0,50,60
060400,060000,Aceh,Kab. Aceh Timur,2026-05-15 14:51:57,31,25,6,5066,2002,3064,50,0,1,51
060300,060000,Aceh,Kab. Aceh Utara,2026-05-15 14:51:57,21,20,1,2198,780,1418,23,2,466,491
061900,060000,Aceh,Kab. Bener Meriah,2026-05-15 14:51:57,12,12,0,1240,616,624,21,1,1,23
061200,060000,Aceh,Kab. Bireuen,2026-05-15 14:52:10,6,5,1,2156,744,1412,156,0,921,1077
061800,060000,Aceh,Kab. Gayo Lues,2026-05-15 14:52:10,7,5,2,2358,1078,1280,49,0,0,49
061500,060000,Aceh,Kab. Nagan Raya,2026-05-15 14:52:10,14,12,2,0,0,0,30,33,174,237
060200,060000,Aceh,Kab. Pidie,2026-05-15 14:52:10,11,10,1,3084,1150,1934,2,2,1,5
062000,060000,Aceh,Kab. Pidie Jaya,2026-05-15 14:52:10,19,19,0,2104,882,1222,61,0,25,86
061100,060000,Aceh,Kab. Simeulue,2026-05-15 14:52:10,17,15,2,66,46,20,25,1,1,27
066100,060000,Aceh,Kota Banda Aceh,2026-05-15 14:52:10,13,13,0,5180,2418,2762,114,1,196,311
066300,060000,Aceh,Kota Langsa,2026-05-15 14:52:10,15,12,3,0,0,0,116,0,0,116
066200,060000,Aceh,Kota Lhokseumawe,2026-05-15 14:52:11,43,24,19,2786,1284,1502,234,33,227,494
066000,060000,Aceh,Kota Sabang,2026-05-15 14:52:11,5,4,1,1232,550,682,2,0,0,2
066400,060000,Aceh,Kota Subulussalam,2026-05-15 14:52:11,2,1,1,0,0,0,5,0,0,5
220400,220000,Bali,Kab. Badung,2026-05-15 14:52:11,56,48,8,16512,8114,8398,633,237,583,1453
220700,220000,Bali,Kab. Bangli,2026-05-15 14:52:11,17,17,0,9620,5008,4612,217,7,19,243
220100,220000,Bali,Kab. Buleleng,2026-05-15 14:52:11,37,34,3,20452,10272,10180,221,4,3,228
220500,220000,Bali,Kab. Gianyar,2026-05-15 14:52:11,69,55,14,27530,14348,13182,428,13,1,442
220200,220000,Bali,Kab. Jembrana,2026-05-15 14:52:11,47,20,27,11198,5494,5704,75,0,2,77
220800,220000,Bali,Kab. Karangasem,2026-05-15 14:52:11,28,27,1,17920,9354,8566,678,0,0,678
220600,220000,Bali,Kab. Klungkung,2026-05-15 14:52:11,28,24,4,6356,3334,3022,109,3,0,112
220300,220000,Bali,Kab. Tabanan,2026-05-15 14:52:25,33,31,2,15528,8210,7318,463,1,1,465
226000,220000,Bali,Kota Denpasar,2026-05-15 14:52:25,75,65,10,59976,31914,28062,1606,127,5,1738
280200,280000,Banten,Kab. Lebak,2026-05-15 14:52:25,38,26,12,10888,5510,5378,5,14,81,100
280100,280000,Banten,Kab. Pandeglang,2026-05-15 14:52:25,3,2,1,558,304,254,0,0,0,0
280400,280000,Banten,Kab. Serang,2026-05-15 14:52:25,5,3,2,1884,928,956,0,1,0,1
280300,280000,Banten,Kab. Tangerang,2026-05-15 14:52:25,7,2,5,146,64,82,34,0,15,49
286000,280000,Banten,Kota Cilegon,2026-05-15 14:52:25,1,0,1,286,164,122,0,0,0,0
286200,280000,Banten,Kota Serang,2026-05-15 14:52:25,4,4,0,0,0,0,290,17,2,309
286100,280000,Banten,Kota Tangerang,2026-05-15 14:52:25,10,6,4,4654,2354,2300,10,2,1,13
286300,280000,Banten,Kota Tangerang Selatan,2026-05-15 14:52:25,6,2,4,0,0,0,130,1,11,142
260100,260000,Bengkulu,Kab. Bengkulu Utara,2026-05-15 14:52:25,3,3,0,458,252,206,0,0,0,0
260700,260000,Bengkulu,Kab. Kaur,2026-05-15 14:52:25,8,6,2,0,0,0,61,0,1,62
260400,260000,Bengkulu,Kab. Mukomuko,2026-05-15 14:52:25,1,1,0,0,0,0,0,0,0,0
260200,260000,Bengkulu,Kab. Rejang Lebong,2026-05-15 14:52:25,1,0,1,0,0,0,0,0,0,0
260800,260000,Bengkulu,Kab. Seluma,2026-05-15 14:52:25,6,5,1,0,0,0,0,1,0,1
266000,260000,Bengkulu,Kota Bengkulu,2026-05-15 14:52:25,15,7,8,68,34,34,10,0,0,10
040100,040000,D.I. Yogyakarta,Kab. Bantul,2026-05-15 14:52:25,561,205,356,111387,56109,55278,1859,68,452,2379
040300,040000,D.I. Yogyakarta,Kab. Gunungkidul,2026-05-15 14:52:47,183,52,131,14460,8224,6236,111,14,84,209
040400,040000,D.I. Yogyakarta,Kab. Kulon Progo,2026-05-15 14:52:47,377,166,211,46420,24974,21446,493,628,324,1445
040200,040000,D.I. Yogyakarta,Kab. Sleman,2026-05-15 14:52:47,931,357,574,171204,86190,85014,2569,195,356,3120
046000,040000,D.I. Yogyakarta,Kota Yogyakarta,2026-05-15 14:52:47,28,15,13,4692,2152,2540,156,2,552,710
010100,010000,D.K.I. Jakarta,Kab. Adm. Kep. Seribu,2026-05-15 14:52:47,9,9,0,602,318,284,14,3,0,17
016200,010000,D.K.I. Jakarta,Kota Adm. Jakarta Barat,2026-05-15 14:52:47,45,37,8,22120,10690,11430,608,411,18,1037
016000,010000,D.K.I. Jakarta,Kota Adm. Jakarta Pusat,2026-05-15 14:52:47,19,17,2,9958,5030,4928,609,352,0,961
016300,010000,D.K.I. Jakarta,Kota Adm. Jakarta Selatan,2026-05-15 14:52:47,88,68,20,23290,11938,11352,1165,404,82,1651
016400,010000,D.K.I. Jakarta,Kota Adm. Jakarta Timur,2026-05-15 14:52:47,131,83,48,54846,27676,27170,1016,103,139,1258
016100,010000,D.K.I. Jakarta,Kota Adm. Jakarta Utara,2026-05-15 14:52:47,28,25,3,15030,7520,7510,275,12,4,291
300200,300000,Gorontalo,Kab. Gorontalo,2026-05-15 14:52:47,27,22,5,0,0,0,228,0,34,262
300500,300000,Gorontalo,Kab. Gorontalo Utara,2026-05-15 14:52:47,12,10,2,0,0,0,1,2,13,16
300300,300000,Gorontalo,Kab. Pohuwato,2026-05-15 14:52:47,9,7,2,0,0,0,20,0,0,20
306000,300000,Gorontalo,Kota Gorontalo,2026-05-15 14:52:47,10,6,4,0,0,0,1,0,1,2
100100,100000,Jambi,Kab. Batanghari,2026-05-15 14:54:01,8,8,0,216,122,94,9,9,0,18
100900,100000,Jambi,Kab. Merangin,2026-05-15 14:54:01,1,0,1,0,0,0,0,0,0,0
100300,100000,Jambi,Kab. Sarolangun,2026-05-15 14:54:01,1,1,0,434,60,374,0,0,0,0
100800,100000,Jambi,Kab. Tanjung Jabung Timur,2026-05-15 14:54:01,3,3,0,0,0,0,0,0,0,0
106000,100000,Jambi,Kota Jambi,2026-05-15 14:54:01,27,8,19,8510,4338,4172,532,2,2,536
020800,020000,Jawa Barat,Kab. Bandung,2026-05-15 14:54:01,42,19,23,6650,3434,3216,200,7,51,258
022300,020000,Jawa Barat,Kab. Bandung Barat,2026-05-15 14:54:01,33,21,12,9284,4742,4542,195,35,3,233
022200,020000,Jawa Barat,Kab. Bekasi,2026-05-15 14:54:01,53,20,33,7522,3984,3538,136,37,11,184
020500,020000,Jawa Barat,Kab. Bogor,2026-05-15 14:54:01,28,18,10,14038,7164,6874,127,40,14,181
021400,020000,Jawa Barat,Kab. Ciamis,2026-05-15 14:54:01,529,469,60,98330,50710,47620,678,146,31,855
020700,020000,Jawa Barat,Kab. Cianjur,2026-05-15 14:54:02,18,14,4,2004,1092,912,6,9,3,18
021700,020000,Jawa Barat,Kab. Cirebon,2026-05-15 14:54:02,19,9,10,8102,4234,3868,13,3,2,18
021100,020000,Jawa Barat,Kab. Garut,2026-05-15 14:54:02,347,275,72,44398,22080,22318,737,460,709,1906
021800,020000,Jawa Barat,Kab. Indramayu,2026-05-15 14:54:02,57,31,26,6450,3406,3044,21,17,0,38
022100,020000,Jawa Barat,Kab. Karawang,2026-05-15 14:54:37,22,15,7,10428,5300,5128,13,9,4,26
021500,020000,Jawa Barat,Kab. Kuningan,2026-05-15 14:54:37,34,14,20,6222,3102,3120,144,27,26,197
021600,020000,Jawa Barat,Kab. Majalengka,2026-05-15 14:54:37,16,8,8,1556,802,754,55,4,0,59
022500,020000,Jawa Barat,Kab. Pangandaran,2026-05-15 14:54:37,230,172,58,25140,13004,12136,838,53,128,1019
022000,020000,Jawa Barat,Kab. Purwakarta,2026-05-15 14:54:37,23,19,4,2502,1364,1138,92,2,1,95
021900,020000,Jawa Barat,Kab. Subang,2026-05-15 14:54:37,101,94,7,19818,10046,9772,945,737,132,1814
020600,020000,Jawa Barat,Kab. Sukabumi,2026-05-15 14:54:37,36,23,13,2134,1138,996,111,1,0,112
021000,020000,Jawa Barat,Kab. Sumedang,2026-05-15 14:54:37,37,27,10,2654,1362,1292,511,70,2,583
021200,020000,Jawa Barat,Kab. Tasikmalaya,2026-05-15 14:54:37,101,89,12,8848,4884,3964,399,293,381,1073
026000,020000,Jawa Barat,Kota Bandung,2026-05-15 14:54:37,36,34,2,27542,13912,13630,270,80,54,404
026900,020000,Jawa Barat,Kota Banjar,2026-05-15 14:54:37,50,26,24,6266,3156,3110,28,7,0,35
026500,020000,Jawa Barat,Kota Bekasi,2026-05-15 14:54:37,32,24,8,2216,1118,1098,150,2,4,156
026100,020000,Jawa Barat,Kota Bogor,2026-05-15 14:54:37,69,30,39,13556,6906,6650,208,49,130,387
026700,020000,Jawa Barat,Kota Cimahi,2026-05-15 14:54:37,39,28,11,25756,13160,12596,176,23,199,398
026300,020000,Jawa Barat,Kota Cirebon,2026-05-15 14:54:37,32,25,7,5368,2780,2588,85,13,11,109
026600,020000,Jawa Barat,Kota Depok,2026-05-15 14:54:37,9,9,0,2180,1074,1106,122,0,0,122
026200,020000,Jawa Barat,Kota Sukabumi,2026-05-15 14:54:37,11,11,0,8592,4278,4314,140,15,2,157
026800,020000,Jawa Barat,Kota Tasikmalaya,2026-05-15 14:54:37,28,17,11,7324,3432,3892,159,135,170,464
030400,030000,Jawa Tengah,Kab. Banjarnegara,2026-05-15 14:32:04,166,94,72,18164,9994,8170,118,44,25,187
030200,030000,Jawa Tengah,Kab. Banyumas,2026-05-15 14:32:04,445,290,155,88926,46648,42278,1148,74,1904,3126
032500,030000,Jawa Tengah,Kab. Batang,2026-05-15 14:32:04,121,74,47,39368,20234,19134,109,7,4,120
031600,030000,Jawa Tengah,Kab. Blora,2026-05-15 14:32:04,147,107,40,23908,12312,11596,413,9,231,653
030900,030000,Jawa Tengah,Kab. Boyolali,2026-05-15 14:32:04,126,91,35,5262,2768,2494,169,32,34,235
032900,030000,Jawa Tengah,Kab. Brebes,2026-05-15 14:32:04,39,12,27,9378,4106,5272,437,528,0,965
030100,030000,Jawa Tengah,Kab. Cilacap,2026-05-15 14:32:04,343,205,138,76466,40718,35748,682,31,89,802
032100,030000,Jawa Tengah,Kab. Demak,2026-05-15 14:32:04,538,126,412,83478,43096,40382,364,402,605,1371
031500,030000,Jawa Tengah,Kab. Grobogan,2026-05-15 14:32:04,63,45,18,8120,4128,3992,11,5,5,21
032000,030000,Jawa Tengah,Kab. Jepara,2026-05-15 14:32:04,74,8,66,5890,2680,3210,76,9,16,101
031300,030000,Jawa Tengah,Kab. Karanganyar,2026-05-15 14:32:04,94,51,43,16580,6456,10124,164,17,12,193
030500,030000,Jawa Tengah,Kab. Kebumen,2026-05-15 14:32:04,691,391,300,164236,87604,76632,1297,110,291,1698
032400,030000,Jawa Tengah,Kab. Kendal,2026-05-15 14:32:04,40,32,8,7112,2128,4984,75,78,64,217
031000,030000,Jawa Tengah,Kab. Klaten,2026-05-15 14:32:04,92,41,51,14874,7546,7328,233,12,4,249
031900,030000,Jawa Tengah,Kab. Kudus,2026-05-15 14:32:04,15,13,2,1992,974,1018,53,1,16,70
030800,030000,Jawa Tengah,Kab. Magelang,2026-05-15 14:32:04,100,75,25,28722,15142,13580,148,8,3,159
031800,030000,Jawa Tengah,Kab. Pati,2026-05-15 14:32:04,82,60,22,33478,16464,17014,256,12,1,269
032600,030000,Jawa Tengah,Kab. Pekalongan,2026-05-15 14:32:04,22,20,2,4742,2412,2330,70,5,94,169
032700,030000,Jawa Tengah,Kab. Pemalang,2026-05-15 14:32:04,102,78,24,30822,15404,15418,586,94,539,1219
030300,030000,Jawa Tengah,Kab. Purbalingga,2026-05-15 14:32:04,181,141,40,66126,33218,32908,656,25,29,710
030600,030000,Jawa Tengah,Kab. Purworejo,2026-05-15 14:32:04,84,41,43,2876,2372,504,96,6,3,105
031700,030000,Jawa Tengah,Kab. Rembang,2026-05-15 14:32:04,50,34,16,8896,4776,4120,100,7,0,107
032200,030000,Jawa Tengah,Kab. Semarang,2026-05-15 14:32:04,6,3,3,0,0,0,4,0,2,6
031400,030000,Jawa Tengah,Kab. Sragen,2026-05-15 14:32:04,269,113,156,7816,3950,3866,451,70,330,851
031100,030000,Jawa Tengah,Kab. Sukoharjo,2026-05-15 14:32:04,33,12,21,1680,742,938,116,25,232,373
032800,030000,Jawa Tengah,Kab. Tegal,2026-05-15 14:32:04,37,28,9,11034,5178,5856,419,249,459,1127
032300,030000,Jawa Tengah,Kab. Temanggung,2026-05-15 14:32:04,194,20,174,14882,7872,7010,63,30,76,169
031200,030000,Jawa Tengah,Kab. Wonogiri,2026-05-15 14:32:04,228,126,102,21864,10844,11020,886,213,39,1138
030700,030000,Jawa Tengah,Kab. Wonosobo,2026-05-15 14:32:04,15,8,7,2850,1564,1286,157,5,5,167
036000,030000,Jawa Tengah,Kota Magelang,2026-05-15 14:32:04,51,33,18,21294,10962,10332,401,316,212,929
036400,030000,Jawa Tengah,Kota Pekalongan,2026-05-15 14:32:04,26,20,6,7408,4022,3386,12,5,16,33
036200,030000,Jawa Tengah,Kota Salatiga,2026-05-15 14:32:04,4,1,3,0,0,0,1,0,0,1
036300,030000,Jawa Tengah,Kota Semarang,2026-05-15 14:32:04,28,19,9,4616,2250,2366,250,18,6,274
036100,030000,Jawa Tengah,Kota Surakarta,2026-05-15 14:32:04,24,15,9,4906,2448,2458,89,5,32,126
036500,030000,Jawa Tengah,Kota Tegal,2026-05-15 14:32:04,3,2,1,2112,928,1184,0,0,0,0
052900,050000,Jawa Timur,Kab. Bangkalan,2026-05-15 14:54:38,68,41,27,12400,6174,6226,152,2,704,858
052500,050000,Jawa Timur,Kab. Banyuwangi,2026-05-15 14:54:38,32,8,24,4280,1914,2366,148,5,686,839
051500,050000,Jawa Timur,Kab. Blitar,2026-05-15 14:54:38,133,64,69,17706,8944,8762,472,76,41,589
050500,050000,Jawa Timur,Kab. Bojonegoro,2026-05-15 14:54:38,14,7,7,1584,950,634,45,4,0,49
052200,050000,Jawa Timur,Kab. Bondowoso,2026-05-15 14:54:38,11,6,5,1094,646,448,0,0,0,0
050100,050000,Jawa Timur,Kab. Gresik,2026-05-15 14:54:38,83,17,66,21798,10928,10870,342,3,29,374
052400,050000,Jawa Timur,Kab. Jember,2026-05-15 14:54:39,17,3,14,1880,1032,848,0,1,35,36
050400,050000,Jawa Timur,Kab. Jombang,2026-05-15 14:54:39,60,56,4,9812,5006,4806,52,24,145,221
051300,050000,Jawa Timur,Kab. Kediri,2026-05-15 14:54:39,92,18,74,18868,9902,8966,552,155,67,774
050700,050000,Jawa Timur,Kab. Lamongan,2026-05-15 14:54:39,1464,127,1337,96006,50338,45668,606,69,1126,1801
052100,050000,Jawa Timur,Kab. Lumajang,2026-05-15 14:54:39,21,13,8,5180,2808,2372,53,2,1,56
050800,050000,Jawa Timur,Kab. Madiun,2026-05-15 14:54:39,92,25,67,31894,16344,15550,298,7,13,318
051000,050000,Jawa Timur,Kab. Magetan,2026-05-15 14:54:39,149,89,60,22664,12266,10398,610,154,250,1014
051800,050000,Jawa Timur,Kab. Malang,2026-05-15 14:54:39,21,16,5,3368,1656,1712,27,4,5,36
050300,050000,Jawa Timur,Kab. Mojokerto,2026-05-15 14:54:39,428,225,203,98104,50246,47858,1306,583,305,2194
051400,050000,Jawa Timur,Kab. Nganjuk,2026-05-15 14:54:39,943,410,533,161824,80712,81112,2107,291,418,2816
050900,050000,Jawa Timur,Kab. Ngawi,2026-05-15 14:54:39,58,21,37,43756,25170,18586,597,117,0,714
051200,050000,Jawa Timur,Kab. Pacitan,2026-05-15 14:54:39,53,28,25,4040,2104,1936,13,6,3,22
052600,050000,Jawa Timur,Kab. Pamekasan,2026-05-15 14:54:39,13,7,6,3810,1858,1952,5,5,10,20
051900,050000,Jawa Timur,Kab. Pasuruan,2026-05-15 14:54:39,7,2,5,670,476,194,3,0,0,3
051100,050000,Jawa Timur,Kab. Ponorogo,2026-05-15 14:54:39,38,22,16,27170,15450,11720,191,3,1,195
052000,050000,Jawa Timur,Kab. Probolinggo,2026-05-15 14:54:39,3,1,2,254,134,120,0,0,0,0
052700,050000,Jawa Timur,Kab. Sampang,2026-05-15 14:54:39,24,19,5,4536,2814,1722,0,1,0,1
050200,050000,Jawa Timur,Kab. Sidoarjo,2026-05-15 14:54:39,74,44,30,38082,19478,18604,380,16,132,528
052300,050000,Jawa Timur,Kab. Situbondo,2026-05-15 14:54:39,11,6,5,1842,1338,504,147,1,0,148
052800,050000,Jawa Timur,Kab. Sumenep,2026-05-15 14:54:39,123,19,104,4206,2650,1556,25,13,70,108
051700,050000,Jawa Timur,Kab. Trenggalek,2026-05-15 14:54:39,5,3,2,236,106,130,22,1,1,24
050600,050000,Jawa Timur,Kab. Tuban,2026-05-15 14:54:39,8,3,5,0,0,0,6,1,0,7
051600,050000,Jawa Timur,Kab. Tulungagung,2026-05-15 14:54:39,37,5,32,6120,2250,3870,32,0,0,32
056800,050000,Jawa Timur,Kota Batu,2026-05-15 14:54:39,28,7,21,9760,5248,4512,168,1,2,171
056500,050000,Jawa Timur,Kota Blitar,2026-05-15 14:54:39,20,10,10,7400,2720,4680,43,5,6,54
056300,050000,Jawa Timur,Kota Kediri,2026-05-15 14:54:39,122,29,93,14574,7380,7194,168,84,7,259
056200,050000,Jawa Timur,Kota Madiun,2026-05-15 14:54:40,242,56,186,52450,24668,27782,983,409,43,1435
056100,050000,Jawa Timur,Kota Malang,2026-05-15 14:54:40,227,51,176,56442,30838,25604,903,177,392,1472
056400,050000,Jawa Timur,Kota Mojokerto,2026-05-15 14:54:40,20,20,0,8684,3986,4698,129,77,163,369
056600,050000,Jawa Timur,Kota Pasuruan,2026-05-15 14:54:40,5,3,2,0,0,0,61,5,2,68
056700,050000,Jawa Timur,Kota Probolinggo,2026-05-15 14:54:40,1,1,0,1108,540,568,5,0,0,5
056000,050000,Jawa Timur,Kota Surabaya,2026-05-15 14:54:40,54,32,22,19406,9906,9500,648,223,2,873
130800,130000,Kalimantan Barat,Kab. Bengkayang,2026-05-15 14:54:40,12,8,4,3142,1538,1604,124,0,0,124
130500,130000,Kalimantan Barat,Kab. Kapuas Hulu,2026-05-15 14:54:40,23,18,5,1384,700,684,152,64,55,271
131200,130000,Kalimantan Barat,Kab. Kayong Utara,2026-05-15 14:54:40,23,21,2,2142,1168,974,3,4,0,7
130600,130000,Kalimantan Barat,Kab. Ketapang,2026-05-15 14:54:40,36,31,5,10478,5182,5296,67,0,2,69
131300,130000,Kalimantan Barat,Kab. Kubu Raya,2026-05-15 14:54:40,12,8,4,2278,1132,1146,25,16,31,72
130900,130000,Kalimantan Barat,Kab. Landak,2026-05-15 14:54:40,15,9,6,54,36,18,261,7,6,274
131100,130000,Kalimantan Barat,Kab. Melawi,2026-05-15 14:54:40,23,20,3,4400,2240,2160,8,0,0,8
130200,130000,Kalimantan Barat,Kab. Mempawah,2026-05-15 14:54:40,26,20,6,3928,2048,1880,99,25,101,225
130100,130000,Kalimantan Barat,Kab. Sambas,2026-05-15 14:54:40,55,44,11,12804,6590,6214,293,23,20,336
130300,130000,Kalimantan Barat,Kab. Sanggau,2026-05-15 14:54:40,14,11,3,1034,480,554,269,1,0,270
131000,130000,Kalimantan Barat,Kab. Sekadau,2026-05-15 14:54:40,8,6,2,4774,2532,2242,0,0,686,686
130400,130000,Kalimantan Barat,Kab. Sintang,2026-05-15 14:54:40,12,8,4,3638,2000,1638,64,0,1,65
136000,130000,Kalimantan Barat,Kota Pontianak,2026-05-15 14:54:40,101,74,27,31296,15918,15378,237,13,76,326
136100,130000,Kalimantan Barat,Kota Singkawang,2026-05-15 14:54:47,51,38,13,15174,7756,7418,172,5,1,178
151000,150000,Kalimantan Selatan,Kab. Balangan,2026-05-15 14:54:54,2,2,0,1428,716,712,188,2,116,306
150100,150000,Kalimantan Selatan,Kab. Banjar,2026-05-15 14:54:54,47,28,19,4156,2154,2002,137,20,24,181
150300,150000,Kalimantan Selatan,Kab. Barito Kuala,2026-05-15 14:54:54,30,13,17,3310,1638,1672,47,0,0,47
150500,150000,Kalimantan Selatan,Kab. Hulu Sungai Selatan,2026-05-15 14:54:54,17,17,0,1854,1428,426,3,0,1,4
150600,150000,Kalimantan Selatan,Kab. Hulu Sungai Tengah,2026-05-15 14:54:54,39,36,3,5170,2644,2526,8,2,120,130
150700,150000,Kalimantan Selatan,Kab. Hulu Sungai Utara,2026-05-15 14:54:54,13,13,0,588,324,264,3,0,0,3
150800,150000,Kalimantan Selatan,Kab. Tabalong,2026-05-15 14:54:54,6,3,3,1268,644,624,4,0,4,8
151100,150000,Kalimantan Selatan,Kab. Tanah Bumbu,2026-05-15 14:54:54,187,75,112,30042,16004,14038,171,94,27,292
150200,150000,Kalimantan Selatan,Kab. Tanah Laut,2026-05-15 14:54:54,4,1,3,134,64,70,0,0,0,0
150400,150000,Kalimantan Selatan,Kab. Tapin,2026-05-15 14:54:54,8,6,2,212,112,100,6,0,0,6
156100,150000,Kalimantan Selatan,Kota Banjarbaru,2026-05-15 14:54:55,129,21,108,22496,11372,11124,499,206,402,1107
156000,150000,Kalimantan Selatan,Kota Banjarmasin,2026-05-15 14:54:55,33,31,2,8056,4156,3900,23,1,0,24
141300,140000,Kalimantan Tengah,Kab. Barito Timur,2026-05-15 14:54:55,6,6,0,0,0,0,16,12,10,38
140300,140000,Kalimantan Tengah,Kab. Barito Utara,2026-05-15 14:54:55,1,0,1,0,0,0,0,0,0,0
140400,140000,Kalimantan Tengah,Kab. Kotawaringin Timur,2026-05-15 14:54:55,9,8,1,0,0,0,61,4,2,67
140700,140000,Kalimantan Tengah,Kab. Seruyan,2026-05-15 14:54:55,2,1,1,246,120,126,0,0,0,0
140800,140000,Kalimantan Tengah,Kab. Sukamara,2026-05-15 14:54:55,2,2,0,304,152,152,0,0,0,0
146000,140000,Kalimantan Tengah,Kota Palangka Raya,2026-05-15 14:54:55,76,48,28,15900,8094,7806,261,5,58,324
160200,160000,Kalimantan Timur,Kab. Kutai Kartanegara,2026-05-15 14:54:55,5,2,3,114,60,54,0,0,0,0
161000,160000,Kalimantan Timur,Kab. Kutai Timur,2026-05-15 14:59:28,2,1,1,484,280,204,0,0,0,0
161200,160000,Kalimantan Timur,Kab. Mahakam Ulu,2026-05-15 14:59:28,2,2,0,0,0,0,377,0,0,377
160100,160000,Kalimantan Timur,Kab. Paser,2026-05-15 14:59:28,2,2,0,1026,182,844,215,0,14,229
161100,160000,Kalimantan Timur,Kab. Penajam Paser Utara,2026-05-15 14:59:28,39,25,14,13636,7128,6508,208,0,67,275
166100,160000,Kalimantan Timur,Kota Balikpapan,2026-05-15 14:59:28,47,27,20,38002,19574,18428,811,120,108,1039
166300,160000,Kalimantan Timur,Kota Bontang,2026-05-15 14:59:28,7,7,0,7076,3342,3734,109,0,0,109
166000,160000,Kalimantan Timur,Kota Samarinda,2026-05-15 14:59:28,65,29,36,24176,12206,11970,655,55,101,811
340200,340000,Kalimantan Utara,Kab. Bulungan,2026-05-15 14:59:28,2,2,0,1622,448,1174,93,0,0,93
340100,340000,Kalimantan Utara,Kab. Malinau,2026-05-15 14:59:28,2,2,0,0,0,0,0,0,0,0
340500,340000,Kalimantan Utara,Kab. Nunukan,2026-05-15 14:59:28,14,11,3,0,0,0,76,1,2,79
346000,340000,Kalimantan Utara,Kota Tarakan,2026-05-15 14:59:28,5,2,3,0,0,0,11,0,0,11
290100,290000,Kepulauan Bangka Belitung,Kab. Bangka,2026-05-15 14:59:28,24,16,8,13180,6498,6682,240,2,141,383
290400,290000,Kepulauan Bangka Belitung,Kab. Bangka Barat,2026-05-15 14:59:28,28,18,10,8172,4066,4106,309,1,0,310
290500,290000,Kepulauan Bangka Belitung,Kab. Bangka Selatan,2026-05-15 14:59:28,3,1,2,2024,768,1256,125,0,0,125
290300,290000,Kepulauan Bangka Belitung,Kab. Bangka Tengah,2026-05-15 14:59:28,40,30,10,11834,5690,6144,166,0,42,208
290200,290000,Kepulauan Bangka Belitung,Kab. Belitung,2026-05-15 14:59:28,28,20,8,13836,6282,7554,74,1,0,75
290600,290000,Kepulauan Bangka Belitung,Kab. Belitung Timur,2026-05-15 14:59:28,44,30,14,9116,4694,4422,51,2,2,55
296000,290000,Kepulauan Bangka Belitung,Kota Pangkal Pinang,2026-05-15 14:59:28,53,14,39,26284,14052,12232,441,1,0,442
310100,310000,Kepulauan Riau,Kab. Bintan,2026-05-15 14:59:28,13,12,1,274,138,136,3,0,0,3
310200,310000,Kepulauan Riau,Kab. Karimun,2026-05-15 14:59:28,2,2,0,416,188,228,24,0,0,24
316000,310000,Kepulauan Riau,Kota Batam,2026-05-15 14:59:28,19,11,8,9560,4920,4640,153,0,2,155
316100,310000,Kepulauan Riau,Kota Tanjung Pinang,2026-05-15 14:59:29,1,1,0,0,0,0,15,0,0,15
120400,120000,Lampung,Kab. Lampung Barat,2026-05-15 14:59:29,3,1,2,42,24,18,111,0,0,111
120100,120000,Lampung,Kab. Lampung Selatan,2026-05-15 14:59:29,30,23,7,5054,2440,2614,669,3,20,692
120200,120000,Lampung,Kab. Lampung Tengah,2026-05-15 14:59:29,18,8,10,3786,1574,2212,1,2,1,4
120700,120000,Lampung,Kab. Lampung Timur,2026-05-15 14:59:29,14,2,12,78,52,26,3,0,0,3
120300,120000,Lampung,Kab. Lampung Utara,2026-05-15 14:59:29,12,10,2,3684,2586,1098,169,10,42,221
121100,120000,Lampung,Kab. Mesuji,2026-05-15 14:59:29,22,15,7,2888,1432,1456,98,11,68,177
120900,120000,Lampung,Kab. Pesawaran,2026-05-15 14:59:29,39,31,8,12208,6192,6016,32,3,1,36
121300,120000,Lampung,Kab. Pesisir Barat,2026-05-15 14:59:29,5,4,1,0,0,0,10,0,0,10
121000,120000,Lampung,Kab. Pringsewu,2026-05-15 14:59:29,45,33,12,10200,5744,4456,225,47,970,1242
120600,120000,Lampung,Kab. Tanggamus,2026-05-15 14:59:29,13,9,4,4336,2016,2320,149,10,41,200
120500,120000,Lampung,Kab. Tulang Bawang,2026-05-15 14:59:29,10,9,1,938,564,374,48,7,21,76
121200,120000,Lampung,Kab. Tulang Bawang Barat,2026-05-15 14:59:29,3,2,1,0,0,0,2,0,8,10
120800,120000,Lampung,Kab. Way Kanan,2026-05-15 14:59:29,9,7,2,1202,614,588,84,0,0,84
126000,120000,Lampung,Kota Bandar Lampung,2026-05-15 14:59:29,41,13,28,4680,2938,1742,96,3,26,125
126100,120000,Lampung,Kota Metro,2026-05-15 14:59:29,31,17,14,4746,2672,2074,105,1,3,109
210300,210000,Maluku,Kab. Buru,2026-05-15 14:59:29,1,1,0,0,0,0,10,0,0,10
210900,210000,Maluku,Kab. Buru Selatan,2026-05-15 14:59:29,2,2,0,554,272,282,0,0,0,0
210700,210000,Maluku,Kab. Kepulauan Aru,2026-05-15 14:59:29,3,1,2,716,350,366,27,0,0,27
210400,210000,Maluku,Kab. Kepulauan Tanimbar,2026-05-15 14:59:29,10,6,4,88,38,50,12,0,0,12
210800,210000,Maluku,Kab. Maluku Barat Daya,2026-05-15 14:59:29,5,5,0,264,150,114,10,0,0,10
210100,210000,Maluku,Kab. Maluku Tengah,2026-05-15 14:59:29,15,12,3,2440,1264,1176,4,1,0,5
210200,210000,Maluku,Kab. Maluku Tenggara,2026-05-15 14:59:29,15,9,6,0,0,0,131,1,4,136
210500,210000,Maluku,Kab. Seram Bagian Barat,2026-05-15 14:59:29,8,4,4,0,0,0,1,0,0,1
216000,210000,Maluku,Kota Ambon,2026-05-15 14:59:29,30,22,8,6752,3394,3358,11,2,203,216
216100,210000,Maluku,Kota Tual,2026-05-15 14:59:29,4,3,1,0,0,0,0,0,0,0
270300,270000,Maluku Utara,Kab. Halmahera Barat,2026-05-15 14:59:29,30,19,11,3118,1578,1540,12,10,43,65
270500,270000,Maluku Utara,Kab. Halmahera Selatan,2026-05-15 14:59:29,50,27,23,12126,6150,5976,297,249,13,559
270200,270000,Maluku Utara,Kab. Halmahera Tengah,2026-05-15 14:59:29,2,2,0,276,136,140,0,0,0,0
270600,270000,Maluku Utara,Kab. Halmahera Timur,2026-05-15 14:59:29,2,2,0,0,0,0,0,0,0,0
270400,270000,Maluku Utara,Kab. halmahera Utara,2026-05-15 14:59:29,53,23,30,8532,4256,4276,25,0,448,473
270800,270000,Maluku Utara,Kab. Pulau Morotai,2026-05-15 14:59:29,7,5,2,0,0,0,90,0,0,90
270100,270000,Maluku Utara,Kab. Pulau Taliabu,2026-05-15 14:59:29,37,33,4,3878,1976,1902,197,10,85,292
276000,270000,Maluku Utara,Kota Ternate,2026-05-15 14:59:29,72,53,19,9740,5008,4732,35,10,309,354
276100,270000,Maluku Utara,Kota Tidore Kepulauan,2026-05-15 14:59:29,35,33,2,1890,992,898,4,4,92,100
230500,230000,Nusa Tenggara Barat,Kab. Dompu,2026-05-15 14:59:29,1,1,0,298,150,148,1,1,5,7
230100,230000,Nusa Tenggara Barat,Kab. Lombok Barat,2026-05-15 14:59:29,2,2,0,990,760,230,0,0,0,0
230200,230000,Nusa Tenggara Barat,Kab. Lombok Tengah,2026-05-15 14:59:29,4,4,0,516,266,250,0,0,0,0
230300,230000,Nusa Tenggara Barat,Kab. Lombok Timur,2026-05-15 14:59:29,114,35,79,4002,2118,1884,35,7,3,45
230800,230000,Nusa Tenggara Barat,Kab. Lombok Utara,2026-05-15 14:59:29,16,15,1,1674,824,850,3,0,0,3
230400,230000,Nusa Tenggara Barat,Kab. Sumbawa,2026-05-15 14:59:29,57,55,2,0,0,0,15,2,2,19
236100,230000,Nusa Tenggara Barat,Kota Bima,2026-05-15 14:59:29,4,2,2,82,42,40,0,0,0,0
236000,230000,Nusa Tenggara Barat,Kota Mataram,2026-05-15 14:59:30,10,10,0,0,0,0,7,3,0,10
240600,240000,Nusa Tenggara Timur,Kab. Alor,2026-05-15 14:59:30,8,2,6,0,0,0,25,0,1,26
240500,240000,Nusa Tenggara Timur,Kab. Belu,2026-05-15 14:59:30,1,1,0,0,0,0,0,0,0,0
240900,240000,Nusa Tenggara Timur,Kab. Ende,2026-05-15 14:59:30,2,2,0,0,0,0,0,0,0,0
240100,240000,Nusa Tenggara Timur,Kab. Kupang,2026-05-15 14:59:30,3,2,1,2186,1118,1068,0,0,0,0
241400,240000,Nusa Tenggara Timur,Kab. Lembata,2026-05-15 14:59:30,1,1,0,0,0,0,0,0,0,0
242200,240000,Nusa Tenggara Timur,Kab. Malaka,2026-05-15 14:59:30,1,1,0,238,132,106,0,0,0,0
241100,240000,Nusa Tenggara Timur,Kab. Manggarai,2026-05-15 14:59:30,1,1,0,238,106,132,0,0,0,0
241600,240000,Nusa Tenggara Timur,Kab. Manggarai Barat,2026-05-15 14:59:30,1,1,0,0,0,0,14,0,0,14
242000,240000,Nusa Tenggara Timur,Kab. Manggarai Timur,2026-05-15 14:59:30,1,1,0,0,0,0,0,0,0,0
241700,240000,Nusa Tenggara Timur,Kab. Nagekeo,2026-05-15 14:59:30,1,1,0,0,0,0,0,0,0,0
241000,240000,Nusa Tenggara Timur,Kab. Ngada,2026-05-15 14:59:30,3,2,1,0,0,0,0,0,0,0
241500,240000,Nusa Tenggara Timur,Kab. Rote Ndao,2026-05-15 14:59:30,2,2,0,0,0,0,0,0,0,0
241300,240000,Nusa Tenggara Timur,Kab. Sumba Barat,2026-05-15 14:59:30,7,3,4,0,0,0,0,1,0,1
241900,240000,Nusa Tenggara Timur,Kab. Sumba Barat Daya,2026-05-15 14:59:30,1,0,1,0,0,0,5,0,0,5
241200,240000,Nusa Tenggara Timur,Kab. Sumba Timur,2026-05-15 14:59:30,7,5,2,390,216,174,115,14,15,144
240300,240000,Nusa Tenggara Timur,Kab. Timor Tengah Selatan,2026-05-15 14:59:30,2,1,1,0,0,0,0,0,0,0
250200,250000,Papua,Kab. Biak Numfor,2026-05-15 14:59:30,4,2,2,1294,658,636,18,0,1,19
250100,250000,Papua,Kab. Jayapura,2026-05-15 14:59:30,28,6,22,4274,2256,2018,68,4,1,73
252000,250000,Papua,Kab. Keerom,2026-05-15 14:59:30,3,1,2,0,0,0,0,0,0,0
252800,250000,Papua,Kab. Mamberamo Raya,2026-05-15 14:59:30,14,12,2,3366,1884,1482,0,0,0,0
256000,250000,Papua,Kota Jayapura,2026-05-15 14:59:30,245,78,167,91874,48094,43780,1349,343,157,1849
320200,320000,Papua Barat,Kab. Kaimana,2026-05-15 14:59:30,3,2,1,0,0,0,0,0,0,0
390400,390000,Papua Barat Daya,Kab. Sorong,2026-05-15 14:59:30,3,1,2,0,0,0,0,1,22,23
390600,390000,Papua Barat Daya,Kota Sorong,2026-05-15 14:59:30,1,0,1,578,108,470,0,0,0,0
380200,380000,Papua Pegunungan,Kab. Pegunungan Bintang,2026-05-15 14:59:30,1,1,0,0,0,0,0,0,0,0
380400,380000,Papua Pegunungan,Kab. Tolikara,2026-05-15 14:59:30,2,1,1,454,250,204,0,0,0,0
380300,380000,Papua Pegunungan,Kab. Yahukimo,2026-05-15 14:59:30,1,1,0,0,0,0,0,0,0,0
370200,370000,Papua Selatan,Kab. Boven Digoel,2026-05-15 14:59:30,2,1,1,508,256,252,0,0,0,0
370300,370000,Papua Selatan,Kab. Mappi,2026-05-15 14:59:30,5,3,2,3444,1860,1584,146,15,15,176
370100,370000,Papua Selatan,Kab. Merauke,2026-05-15 14:59:30,7,3,4,1146,636,510,63,0,0,63
360400,360000,Papua Tengah,Kab. Mimika,2026-05-15 14:59:30,51,17,34,34190,16532,17658,455,101,73,629
360100,360000,Papua Tengah,Kab. Nabire,2026-05-15 14:59:30,14,4,10,8402,4470,3932,234,0,0,234
360300,360000,Papua Tengah,Kab. Paniai,2026-05-15 14:59:30,1,0,1,0,0,0,0,0,0,0
360200,360000,Papua Tengah,Kab. Puncak Jaya,2026-05-15 14:59:30,1,1,0,0,0,0,0,0,0,0
090200,090000,Riau,Kab. Bengkalis,2026-05-15 14:59:30,50,41,9,15484,7226,8258,1079,10,180,1269
090500,090000,Riau,Kab. Indragiri Hilir,2026-05-15 14:59:30,8,7,1,1404,602,802,136,0,2,138
090400,090000,Riau,Kab. Indragiri Hulu,2026-05-15 14:59:30,8,7,1,2734,1356,1378,152,2,0,154
090100,090000,Riau,Kab. Kampar,2026-05-15 14:59:30,14,14,0,2934,1388,1546,145,1,0,146
091500,090000,Riau,Kab. Kepulauan Meranti,2026-05-15 14:59:30,73,59,14,14284,7384,6900,261,74,318,653
091400,090000,Riau,Kab. Kuantan Singingi,2026-05-15 14:59:30,29,13,16,3414,1682,1732,40,3,3,46
090800,090000,Riau,Kab. Pelalawan,2026-05-15 14:59:30,21,14,7,13576,6898,6678,72,2,55,129
091000,090000,Riau,Kab. Rokan Hilir,2026-05-15 14:59:30,12,11,1,7018,3322,3696,35,0,118,153
090900,090000,Riau,Kab. Rokan Hulu,2026-05-15 14:59:30,20,16,4,10234,5364,4870,4,1,0,5
091100,090000,Riau,Kab. Siak,2026-05-15 14:59:30,7,2,5,190,138,52,34,1,24,59
096200,090000,Riau,Kota Dumai,2026-05-15 14:59:30,30,14,16,10104,6150,3954,260,13,1,274
096000,090000,Riau,Kota Pekanbaru,2026-05-15 14:59:31,87,49,38,37098,18862,18236,684,26,19,729
330500,330000,Sulawesi Barat,Kab. Majene,2026-05-15 14:59:31,7,7,0,220,106,114,19,2,2,23
330400,330000,Sulawesi Barat,Kab. Mamasa,2026-05-15 14:59:31,3,3,0,80,42,38,40,0,0,40
330100,330000,Sulawesi Barat,Kab. Mamuju,2026-05-15 14:59:31,4,4,0,0,0,0,0,0,0,0
330600,330000,Sulawesi Barat,Kab. Mamuju Tengah,2026-05-15 14:59:31,2,2,0,0,0,0,0,0,0,0
330200,330000,Sulawesi Barat,Kab. Pasangkayu,2026-05-15 14:59:31,14,13,1,2428,1230,1198,49,1,61,111
330300,330000,Sulawesi Barat,Kab. Polewali Mandar,2026-05-15 14:59:31,32,23,9,3800,2124,1676,14,1,4,19
191000,190000,Sulawesi Selatan,Kab. Bantaeng,2026-05-15 14:59:31,48,43,5,11308,5772,5536,59,0,0,59
190600,190000,Sulawesi Selatan,Kab. Barru,2026-05-15 14:59:31,7,8,1,5958,2616,3342,6,0,0,6
190700,190000,Sulawesi Selatan,Kab. Bone,2026-05-15 14:59:31,156,100,56,36268,18158,18110,399,2,1,402
191100,190000,Sulawesi Selatan,Kab. Bulukumba,2026-05-15 14:59:31,20,19,1,1684,858,826,107,1,0,108
191600,190000,Sulawesi Selatan,Kab. Enrekang,2026-05-15 14:59:31,9,7,2,1188,592,596,30,0,0,30
190300,190000,Sulawesi Selatan,Kab. Gowa,2026-05-15 14:59:32,10,8,2,7710,3474,4236,86,0,0,86
190500,190000,Sulawesi Selatan,Kab. Jeneponto,2026-05-15 14:59:32,18,18,0,2082,966,1116,45,0,0,45
191300,190000,Sulawesi Selatan,Kab. Kepulauan Selayar,2026-05-15 14:59:33,53,51,2,6968,3660,3308,104,2,95,201
191700,190000,Sulawesi Selatan,Kab. Luwu,2026-05-15 14:59:34,19,16,3,7946,4024,3922,216,0,96,312
192600,190000,Sulawesi Selatan,Kab. Luwu Timur,2026-05-15 14:59:35,30,22,8,2302,1184,1118,114,84,906,1104
192400,190000,Sulawesi Selatan,Kab. Luwu Utara,2026-05-15 14:59:36,9,9,0,888,446,442,132,0,0,132
190100,190000,Sulawesi Selatan,Kab. Maros,2026-05-15 14:59:36,26,13,13,11700,5768,5932,120,0,0,120
190200,190000,Sulawesi Selatan,Kab. Pangkajene Dan Kepulauan,2026-05-15 14:59:38,24,22,2,7550,3932,3618,106,2,1,109
191400,190000,Sulawesi Selatan,Kab. Pinrang,2026-05-15 14:59:39,14,12,2,9090,4054,5036,1278,0,18,1296
191500,190000,Sulawesi Selatan,Kab. Sidenreng Rappang,2026-05-15 14:59:39,20,16,4,1676,900,776,50,1,20,71
191200,190000,Sulawesi Selatan,Kab. Sinjai,2026-05-15 14:59:39,89,79,10,17104,8744,8360,162,106,5,273
190900,190000,Sulawesi Selatan,Kab. Soppeng,2026-05-15 14:59:39,37,35,2,9662,5160,4502,28,0,0,28
190400,190000,Sulawesi Selatan,Kab. Takalar,2026-05-15 14:59:39,13,13,0,990,472,518,195,0,0,195
191800,190000,Sulawesi Selatan,Kab. Tana Toraja,2026-05-15 14:59:39,6,3,3,0,0,0,195,4,1,200
192700,190000,Sulawesi Selatan,Kab. Toraja Utara,2026-05-15 14:59:39,1,0,1,0,0,0,0,0,0,0
190800,190000,Sulawesi Selatan,Kab. Wajo,2026-05-15 14:59:39,43,45,23,11498,5744,5754,100,18,11,129
196000,190000,Sulawesi Selatan,Kota Makassar,2026-05-15 14:59:39,36,16,20,22738,10556,12182,98,0,23,121
196200,190000,Sulawesi Selatan,Kota Palopo,2026-05-15 14:59:39,1,0,1,0,0,0,6,0,0,6
196100,190000,Sulawesi Selatan,Kota Parepare,2026-05-15 14:59:39,16,7,9,1546,846,700,0,0,13,13
180400,180000,Sulawesi Tengah,Kab. Banggai,2026-05-15 14:59:39,70,43,27,10958,5544,5414,54,18,276,348
180100,180000,Sulawesi Tengah,Kab. Banggai Kepulauan,2026-05-15 14:59:39,54,51,3,10814,5414,5400,197,1,199,397
181100,180000,Sulawesi Tengah,Kab. Banggai Laut,2026-05-15 14:59:39,36,33,3,10558,5276,5282,73,6,48,127
180500,180000,Sulawesi Tengah,Kab. Buol,2026-05-15 15:00:00,8,8,0,2268,1210,1058,59,1,0,60
180200,180000,Sulawesi Tengah,Kab. Donggala,2026-05-15 15:00:00,5,3,2,602,288,314,117,6,3,126
180700,180000,Sulawesi Tengah,Kab. Morowali,2026-05-15 15:00:00,12,11,1,3858,1896,1962,36,0,0,36
181200,180000,Sulawesi Tengah,Kab. Morowali Utara,2026-05-15 15:00:00,1,1,0,200,128,72,1,0,0,1
180800,180000,Sulawesi Tengah,Kab. Parigi Moutong,2026-05-15 15:00:00,53,46,7,4944,2484,2460,269,0,12,281
180300,180000,Sulawesi Tengah,Kab. Poso,2026-05-15 15:00:00,20,16,4,4954,2406,2548,112,6,51,169
181000,180000,Sulawesi Tengah,Kab. Sigi,2026-05-15 15:00:00,9,8,1,3934,1992,1942,88,0,0,88
180900,180000,Sulawesi Tengah,Kab. Tojo Una Una,2026-05-15 15:00:00,19,16,3,1070,548,522,36,1,5,42
180600,180000,Sulawesi Tengah,Kab. Tolitoli,2026-05-15 15:00:00,7,3,4,146,86,60,79,0,0,79
186000,180000,Sulawesi Tengah,Kota Palu,2026-05-15 15:00:00,9,5,4,2830,1486,1344,13,2,0,15
200700,200000,Sulawesi Tenggara,Kab. Bombana,2026-05-15 15:00:00,45,37,8,9488,4830,4658,195,26,0,221
200300,200000,Sulawesi Tenggara,Kab. Buton,2026-05-15 15:00:00,4,3,1,0,0,0,1,0,0,1
201400,200000,Sulawesi Tenggara,Kab. Buton Selatan,2026-05-15 15:00:00,20,20,0,1660,908,752,6,1,74,81
201600,200000,Sulawesi Tenggara,Kab. Buton Tengah,2026-05-15 15:00:00,14,14,0,2004,1032,972,38,0,0,38
200400,200000,Sulawesi Tenggara,Kab. Kolaka,2026-05-15 15:00:00,6,6,0,3264,1716,1548,204,0,0,204
201100,200000,Sulawesi Tenggara,Kab. Kolaka Timur,2026-05-15 15:00:00,36,35,1,4504,2362,2142,10,0,0,10
200800,200000,Sulawesi Tenggara,Kab. Kolaka Utara,2026-05-15 15:00:00,10,9,1,784,460,324,503,1,37,541
200100,200000,Sulawesi Tenggara,Kab. Konawe,2026-05-15 15:00:00,22,21,1,1838,936,902,9,0,0,9
200500,200000,Sulawesi Tenggara,Kab. Konawe Selatan,2026-05-15 15:02:22,10,10,0,0,0,0,14,2,0,16
200900,200000,Sulawesi Tenggara,Kab. Konawe Utara,2026-05-15 15:02:22,18,16,2,0,0,0,32,0,0,32
200200,200000,Sulawesi Tenggara,Kab. Muna,2026-05-15 15:02:22,14,10,4,3532,2202,1330,0,0,0,0
201300,200000,Sulawesi Tenggara,Kab. Muna Barat,2026-05-15 15:02:22,21,13,8,0,0,0,1,4,1,6
200600,200000,Sulawesi Tenggara,Kab. Wakatobi,2026-05-15 15:02:23,9,9,0,0,0,0,0,0,0,0
206100,200000,Sulawesi Tenggara,Kota Bau Bau,2026-05-15 15:02:23,71,44,27,9128,4614,4514,434,88,296,818
206000,200000,Sulawesi Tenggara,Kota Kendari,2026-05-15 15:02:23,20,10,10,1670,932,738,49,12,18,79
170100,170000,Sulawesi Utara,Kab. Bolaang Mongondow,2026-05-15 15:02:23,1,1,0,632,300,332,0,0,0,0
171200,170000,Sulawesi Utara,Kab. Bolaang Mongondow Selatan,2026-05-15 15:02:23,1,1,0,0,0,0,41,0,24,65
171100,170000,Sulawesi Utara,Kab. Bolaang Mongondow Timur,2026-05-15 15:02:23,2,2,0,0,0,0,0,0,0,0
170200,170000,Sulawesi Utara,Kab. Minahasa,2026-05-15 15:02:23,1,1,0,188,92,96,0,0,0,0
170600,170000,Sulawesi Utara,Kab. Minahasa Utara,2026-05-15 15:02:23,1,0,1,0,0,0,0,0,0,0
176100,170000,Sulawesi Utara,Kota Bitung,2026-05-15 15:02:23,1,1,0,0,0,0,0,0,0,0
176300,170000,Sulawesi Utara,Kota Kotamobagu,2026-05-15 15:02:23,3,2,1,0,0,0,17,2,0,19
080100,080000,Sumatera Barat,Kab. Agam,2026-05-15 15:02:23,19,16,3,1532,614,918,57,3,0,60
081200,080000,Sumatera Barat,Kab. Dharmasraya,2026-05-15 15:02:23,1,1,0,0,0,0,0,0,0,0
080300,080000,Sumatera Barat,Kab. Lima Puluh Kota,2026-05-15 15:02:23,20,15,5,498,222,276,0,0,0,0
080500,080000,Sumatera Barat,Kab. Padang Pariaman,2026-05-15 15:02:23,3,1,2,0,0,0,0,0,3,3
080200,080000,Sumatera Barat,Kab. Pasaman,2026-05-15 15:07:00,16,13,3,4020,2002,2018,97,1,0,98
081300,080000,Sumatera Barat,Kab. Pasaman Barat,2026-05-15 15:07:00,4,1,3,1362,692,670,0,0,569,569
080600,080000,Sumatera Barat,Kab. Pesisir Selatan,2026-05-15 15:07:01,6,4,2,0,0,0,16,0,0,16
080400,080000,Sumatera Barat,Kab. Solok,2026-05-15 15:07:01,11,10,1,4540,2070,2470,75,0,0,75
081100,080000,Sumatera Barat,Kab. Solok Selatan,2026-05-15 15:07:01,2,2,0,0,0,0,0,0,0,0
080700,080000,Sumatera Barat,Kab. Tanah Datar,2026-05-15 15:07:01,11,7,4,754,384,370,57,1,0,58
086000,080000,Sumatera Barat,Kota Bukittinggi,2026-05-15 15:07:01,8,4,4,874,528,346,86,1,0,87
086100,080000,Sumatera Barat,Kota Padang,2026-05-15 15:07:01,14,8,6,1294,666,628,92,0,0,92
086600,080000,Sumatera Barat,Kota Pariaman,2026-05-15 15:07:01,9,9,0,1942,804,1138,159,10,24,193
086500,080000,Sumatera Barat,Kota Payakumbuh,2026-05-15 15:07:01,26,17,9,0,0,0,189,10,8,207
086300,080000,Sumatera Barat,Kota Sawahlunto,2026-05-15 15:07:01,1,1,0,148,76,72,0,0,0,0
086400,080000,Sumatera Barat,Kota Solok,2026-05-15 15:07:01,7,6,1,216,104,112,0,1,0,1
110700,110000,Sumatera Selatan,Kab. Banyuasin,2026-05-15 15:07:01,16,7,9,2982,1450,1532,165,0,0,165
111100,110000,Sumatera Selatan,Kab. Empat Lawang,2026-05-15 15:07:01,3,2,1,0,0,0,0,0,0,0
110500,110000,Sumatera Selatan,Kab. Lahat,2026-05-15 15:07:01,75,69,6,2962,1550,1412,565,432,410,1407
110400,110000,Sumatera Selatan,Kab. Muara Enim,2026-05-15 15:07:01,8,7,1,866,452,414,0,0,0,0
110100,110000,Sumatera Selatan,Kab. Musi Banyuasin,2026-05-15 15:07:01,16,12,4,3178,1578,1600,402,15,0,417
110600,110000,Sumatera Selatan,Kab. Musi Rawas,2026-05-15 15:11:18,16,13,3,218,112,106,162,1,0,163
111300,110000,Sumatera Selatan,Kab. Musi Rawas Utara,2026-05-15 15:11:18,3,2,1,0,0,0,0,0,0,0
111000,110000,Sumatera Selatan,Kab. Ogan Ilir,2026-05-15 15:11:18,151,125,26,6846,3480,3366,235,15,116,366
110200,110000,Sumatera Selatan,Kab. Ogan Komering Ilir,2026-05-15 15:11:18,40,29,11,3872,1902,1970,246,22,169,437
110300,110000,Sumatera Selatan,Kab. Ogan Komering Ulu,2026-05-15 15:11:18,6,3,3,1504,618,886,6,1,7,14
110900,110000,Sumatera Selatan,Kab. Ogan Komering Ulu Selatan,2026-05-15 15:11:18,11,7,4,0,0,0,0,0,0,0
110800,110000,Sumatera Selatan,Kab. Ogan Komering Ulu Timur,2026-05-15 15:11:18,6,1,5,0,0,0,6,0,0,6
111200,110000,Sumatera Selatan,Kab. Penukal Abab Lematang Ilir,2026-05-15 15:11:18,15,10,5,0,0,0,112,0,1,113
116200,110000,Sumatera Selatan,Kota Lubuk Linggau,2026-05-15 15:11:18,15,14,1,2746,1044,1702,5,0,2,7
116300,110000,Sumatera Selatan,Kota Pagar Alam,2026-05-15 15:11:18,6,5,1,0,0,0,61,0,4,65
116000,110000,Sumatera Selatan,Kota Palembang,2026-05-15 15:11:18,219,144,75,109132,55736,53396,682,205,3,890
116100,110000,Sumatera Selatan,Kota Prabumulih,2026-05-15 15:11:18,10,9,1,0,0,0,128,1,0,129
070600,070000,Sumatera Utara,Kab. Asahan,2026-05-15 15:11:18,63,33,30,13972,7056,6916,128,5,0,133
072200,070000,Sumatera Utara,Kab. Batu Bara,2026-05-15 15:11:18,30,22,8,8258,4274,3984,63,20,49,132
070500,070000,Sumatera Utara,Kab. Dairi,2026-05-15 15:11:18,10,6,4,3640,1798,1842,132,0,0,132
070100,070000,Sumatera Utara,Kab. Deli Serdang,2026-05-15 15:11:18,7,5,2,2456,658,1798,60,0,0,60
070300,070000,Sumatera Utara,Kab. Karo,2026-05-15 15:11:18,8,8,0,1258,620,638,0,0,0,0
070700,070000,Sumatera Utara,Kab. Labuhanbatu,2026-05-15 15:11:18,183,152,31,19284,9660,9624,175,1,1,177
072600,070000,Sumatera Utara,Kab. Labuhanbatu Selatan,2026-05-15 15:11:19,16,11,5,4174,2170,2004,104,67,151,322
072500,070000,Sumatera Utara,Kab. Labuhanbatu Utara,2026-05-15 15:11:19,1,1,0,0,0,0,0,0,0,0
070200,070000,Sumatera Utara,Kab. Langkat,2026-05-15 15:11:19,9,7,2,2058,1018,1040,0,0,0,0
071500,070000,Sumatera Utara,Kab. Mandailing Natal,2026-05-15 15:11:19,5,5,0,868,444,424,0,0,0,0
071100,070000,Sumatera Utara,Kab. Nias,2026-05-15 15:11:19,9,9,0,3732,2052,1680,27,0,1,28
072700,070000,Sumatera Utara,Kab. Nias Barat,2026-05-15 15:11:19,1,1,0,472,244,228,0,0,0,0
071700,070000,Sumatera Utara,Kab. Nias Selatan,2026-05-15 15:11:21,5,5,0,2466,1168,1298,180,135,0,315
072800,070000,Sumatera Utara,Kab. Nias Utara,2026-05-15 15:11:28,127,113,14,28734,14964,13770,737,23,256,1016
072300,070000,Sumatera Utara,Kab. Padang Lawas utara,2026-05-15 15:11:28,11,6,5,1678,864,814,0,0,0,0
071800,070000,Sumatera Utara,Kab. Pakpak Bharat,2026-05-15 15:11:29,25,22,3,5320,2758,2562,69,52,147,268
072000,070000,Sumatera Utara,Kab. Samosir,2026-05-15 15:11:29,6,6,0,738,398,340,30,0,0,30
072100,070000,Sumatera Utara,Kab. Serdang Bedagai,2026-05-15 15:11:29,3,3,0,1604,552,1052,0,0,0,0
070400,070000,Sumatera Utara,Kab. Simalungun,2026-05-15 15:11:29,8,4,4,2010,786,1224,346,0,66,412
071000,070000,Sumatera Utara,Kab. Tapanuli Selatan,2026-05-15 15:11:29,13,10,3,0,0,0,386,0,0,386
070900,070000,Sumatera Utara,Kab. Tapanuli Tengah,2026-05-15 15:11:29,10,5,5,3746,1772,1974,1,0,0,1
070800,070000,Sumatera Utara,Kab. Tapanuli Utara,2026-05-15 15:11:29,16,15,1,106,68,38,3,0,98,101
071600,070000,Sumatera Utara,Kab. Toba,2026-05-15 15:11:29,5,5,0,1770,746,1024,0,0,105,105
076100,070000,Sumatera Utara,Kota Binjai,2026-05-15 15:11:29,16,11,5,0,0,0,53,0,4,57
076700,070000,Sumatera Utara,Kota Gunungsitoli,2026-05-15 15:11:29,13,10,3,2618,1246,1372,0,0,0,0
076000,070000,Sumatera Utara,Kota Medan,2026-05-15 15:11:29,45,14,31,0,0,0,127,191,71,389
076600,070000,Sumatera Utara,Kota Padang Sidempuan,2026-05-15 15:11:29,15,11,4,8328,4208,4120,181,0,1,182
076300,070000,Sumatera Utara,Kota Pematangsiantar,2026-05-15 15:11:29,9,2,7,512,216,296,161,0,0,161
076500,070000,Sumatera Utara,Kota Sibolga,2026-05-15 15:11:29,2,1,1,2016,1728,288,1,0,0,1
076400,070000,Sumatera Utara,Kota Tanjung Balai,2026-05-15 15:11:29,1,0,1,0,0,0,0,2,0,2
076200,070000,Sumatera Utara,Kota Tebing Tinggi,2026-05-15 15:11:29,1,1,0,0,0,0,0,0,0,0
